<?xml version='1.0' encoding='UTF-8'?>
<!DOCTYPE mapper PUBLIC "-//mybatis.org//DTD Mapper 3.0//EN"
 "http://mybatis.org/dtd/mybatis-3-mapper.dtd">
 
 <mapper namespace="test_db">
 	<!-- member테이블 -->
 	<insert id="insert_data" parameterType="beans.DataBean">
 	   <![CDATA[
 	   		insert into member(i_member,id,pw,name,tel,email,addr,sex)
 	   		values(#{i_member},#{id},#{pw},#{name},#{tel},#{email},#{addr},#{sex})
 	   ]]>
 	</insert>
 	<select id="select_i_member" resultType="java.lang.Integer">
 		<![CDATA[
 			select nvl(count(*),0)+1 from member
 		]]>
 	</select>
 	
 	<select id="select_id" parameterType="beans.DataBean" resultType="beans.DataBean">
 		select * from member where id=#{id}
 	</select>
 	
 	<select id="select_member" resultType="beans.DataBean">
 		<![CDATA[
 			select * from member
 		]]>
 	</select>
 	
 	<update id="update_member" parameterType="beans.DataBean" >
 		<![CDATA[
 			update member set pw=#{pw},tel=#{tel},email=#{email},addr=#{addr} where id=#{id}
 		]]>
 	</update>
 	
 	<delete id="delete_member" parameterType="beans.DataBean">
 		<![CDATA[
 			delete from member where id=#{id} and pw=#{pw}
 		]]>
 	</delete>
 	
 	<!-- product테이블 -->
 	<select id="select_product" resultType="beans.DataBean">
 		<![CDATA[
 			select * from product order by i_product asc
 		]]>
 	</select>
 	<select id="select_i_product" resultType="java.lang.Integer">
 		<![CDATA[
 			select count(*) from product
 		]]>
 	</select>
 	<delete id="delete_product" parameterType="beans.DataBean">
 		<![CDATA[
 			delete from product where i_product=#{i_product}
 		]]>
 	</delete>
 </mapper>